total_length,num_points,sharp_turns,intersections,bounding_box_area,compactness,start_end_distance,angular_variance,label
0.10437735193165144,445,5,514,0.0008158241000001146,0.007816102678427155,0.0020838665984164754,323.0044291027107,1
0.22222194665396297,953,16,1074,0.001620948599999596,0.007294277745319576,0.0025058731013381337,373.5197235189759,5
0.2093547536547874,840,0,923,0.001003863599999616,0.004795036092922556,0.0038934432062085003,88.59385438379107,2
